﻿[
{"T1":"T2","Conclusion 259 319":"Argument 395 466","whether or not abortion should be legal in the united states":"People feel that abortion is evil because it is killing an unborn child"},
{"T1":"R1","Conclusion 259 319":"Support Arg1:T2 Arg2:T1","whether or not abortion should be legal in the united states":""},
{"T1":"T3","Conclusion 259 319":"Claim 488 550","whether or not abortion should be legal in the united states":"people believe it is a woman's constitutional right to choose,"},
{"T1":"R2","Conclusion 259 319":"Undercut Arg1:T3 Arg2:T2","whether or not abortion should be legal in the united states":""},
{"T1":"T4","Conclusion 259 319":"Claim 555 664","whether or not abortion should be legal in the united states":"if one were to end an innocent child's life is not only unethical and inhumane, but it is also morally wrong."},
{"T1":"R3","Conclusion 259 319":"Rebuttal Arg1:T4 Arg2:T3","whether or not abortion should be legal in the united states":""}
]